observation_date,Retail Sales
01/01/1992,142419
01/02/1992,142584
01/03/1992,142120
01/04/1992,143659
01/05/1992,144239
01/06/1992,145273
01/07/1992,146743
01/08/1992,146070
01/09/1992,147932
01/10/1992,149346
01/11/1992,149131
01/12/1992,150578
01/01/1993,152329
01/02/1993,151742
01/03/1993,150525
01/04/1993,154720
01/05/1993,155537
01/06/1993,155353
01/07/1993,158267
01/08/1993,157425
01/09/1993,158535
01/10/1993,159773
01/11/1993,162004
01/12/1993,163258
01/01/1994,162369
01/02/1994,165075
01/03/1994,168330
01/04/1994,168262
01/05/1994,167412
01/06/1994,169337
01/07/1994,169514
01/08/1994,172332
01/09/1994,174018
01/10/1994,175309
01/11/1994,175761
01/12/1994,176168
01/01/1995,177136
01/02/1995,174560
01/03/1995,176376
01/04/1995,176353
01/05/1995,179020
01/06/1995,181382
01/07/1995,180019
01/08/1995,181787
01/09/1995,182074
01/10/1995,181411
01/11/1995,184327
01/12/1995,184841
01/01/1996,184636
01/02/1996,187576
01/03/1996,188237
01/04/1996,189778
01/05/1996,191544
01/06/1996,189960
01/07/1996,191113
01/08/1996,191139
01/09/1996,193303
01/10/1996,195420
01/11/1996,194860
01/12/1996,195318
01/01/1997,197447
01/02/1997,198891
01/03/1997,200352
01/04/1997,197212
01/05/1997,196937
01/06/1997,199311
01/07/1997,201751
01/08/1997,201892
01/09/1997,202992
01/10/1997,203055
01/11/1997,202778
01/12/1997,203837
01/01/1998,204505
01/02/1998,204207
01/03/1998,205311
01/04/1998,208683
01/05/1998,209165
01/06/1998,211222
01/07/1998,209658
01/08/1998,207737
01/09/1998,210112
01/10/1998,213794
01/11/1998,215194
01/12/1998,217396
01/01/1999,217930
01/02/1999,220769
01/03/1999,222199
01/04/1999,223837
01/05/1999,225577
01/06/1999,226474
01/07/1999,228424
01/08/1999,230902
01/09/1999,231912
01/10/1999,231254
01/11/1999,234425
01/12/1999,239589
01/01/2000,237541
01/02/2000,241541
01/03/2000,244533
01/04/2000,239552
01/05/2000,241546
01/06/2000,243226
01/07/2000,240979
01/08/2000,242318
01/09/2000,245520
01/10/2000,245399
01/11/2000,243846
01/12/2000,243844
01/01/2001,247339
01/02/2001,247289
01/03/2001,244514
01/04/2001,249113
01/05/2001,250250
01/06/2001,248836
01/07/2001,247336
01/08/2001,249590
01/09/2001,243130
01/10/2001,262862
01/11/2001,254084
01/12/2001,249879
01/01/2002,250603
01/02/2002,252279
01/03/2002,251542
01/04/2002,254543
01/05/2002,252390
01/06/2002,253652
01/07/2002,257339
01/08/2002,259050
01/09/2002,254081
01/10/2002,256131
01/11/2002,256350
01/12/2002,259206
01/01/2003,261394
01/02/2003,257531
01/03/2003,260566
01/04/2003,261375
01/05/2003,261392
01/06/2003,265331
01/07/2003,267683
01/08/2003,270612
01/09/2003,270212
01/10/2003,269060
01/11/2003,270161
01/12/2003,271550
01/01/2004,272465
01/02/2004,274360
01/03/2004,279692
01/04/2004,277625
01/05/2004,281281
01/06/2004,279141
01/07/2004,281350
01/08/2004,281006
01/09/2004,286866
01/10/2004,287700
01/11/2004,289679
01/12/2004,293401
01/01/2005,290111
01/02/2005,293710
01/03/2005,294743
01/04/2005,297153
01/05/2005,295314
01/06/2005,305083
01/07/2005,307320
01/08/2005,303216
01/09/2005,304187
01/10/2005,303989
01/11/2005,306566
01/12/2005,306723
01/01/2006,315566
01/02/2006,313440
01/03/2006,314471
01/04/2006,316094
01/05/2006,314919
01/06/2006,316978
01/07/2006,317984
01/08/2006,318802
01/09/2006,316400
01/10/2006,316145
01/11/2006,317123
01/12/2006,320312
01/01/2007,320305
01/02/2007,321434
01/03/2007,323708
01/04/2007,322878
01/05/2007,327266
01/06/2007,324076
01/07/2007,325455
01/08/2007,327444
01/09/2007,328668
01/10/2007,330544
01/11/2007,334021
01/12/2007,329259
01/01/2008,330478
01/02/2008,327869
01/03/2008,328493
01/04/2008,328037
01/05/2008,331088
01/06/2008,331764
01/07/2008,330301
01/08/2008,327296
01/09/2008,321568
01/10/2008,308968
01/11/2008,295396
01/12/2008,287571
01/01/2009,292449
01/02/2009,291429
01/03/2009,286022
01/04/2009,287530
01/05/2009,290215
01/06/2009,295458
01/07/2009,296928
01/08/2009,302871
01/09/2009,294449
01/10/2009,298067
01/11/2009,300583
01/12/2009,301959
01/01/2010,302325
01/02/2010,302310
01/03/2010,309525
01/04/2010,312143
01/05/2010,309158
01/06/2010,308588
01/07/2010,309543
01/08/2010,310761
01/09/2010,313785
01/10/2010,317699
01/11/2010,320695
01/12/2010,323421
01/01/2011,325674
01/02/2011,328049
01/03/2011,331161
01/04/2011,333189
01/05/2011,332409
01/06/2011,335108
01/07/2011,334922
01/08/2011,335163
01/09/2011,339011
01/10/2011,341058
01/11/2011,342214
01/12/2011,343093
01/01/2012,345656
01/02/2012,350345
01/03/2012,351748
01/04/2012,349722
01/05/2012,349064
01/06/2012,345339
01/07/2012,346936
01/08/2012,351782
01/09/2012,354575
01/10/2012,354747
01/11/2012,356158
01/12/2012,357519
01/01/2013,360257
01/02/2013,365227
01/03/2013,362148
01/04/2013,360499
01/05/2013,362842
01/06/2013,364181
01/07/2013,366243
01/08/2013,365543
01/09/2013,365668
01/10/2013,366444
01/11/2013,366868
01/12/2013,369499
01/01/2014,366684
01/02/2014,371335
01/03/2014,375285
01/04/2014,379432
01/05/2014,379787
01/06/2014,380618
01/07/2014,381045
01/08/2014,384017
01/09/2014,382277
01/10/2014,383323
01/11/2014,384459
01/12/2014,380682
01/01/2015,378518
01/02/2015,377594
01/03/2015,383681
01/04/2015,383893
01/05/2015,387155
01/06/2015,387199
01/07/2015,390953
01/08/2015,390570
01/09/2015,388551
01/10/2015,387066
01/11/2015,388530
01/12/2015,389551
01/01/2016,387483
01/02/2016,390029
01/03/2016,388998
01/04/2016,391112
01/05/2016,392299
01/06/2016,397113
01/07/2016,396545
01/08/2016,396293
01/09/2016,398797
01/10/2016,399637
01/11/2016,398680
01/12/2016,405114
01/01/2017,408269
01/02/2017,408155
01/03/2017,407630
01/04/2017,409134
01/05/2017,406609
01/06/2017,409067
01/07/2017,409113
01/08/2017,409606
01/09/2017,419021
01/10/2017,418999
01/11/2017,423224
01/12/2017,425545
01/01/2018,423202
01/02/2018,425507
01/03/2018,425087
01/04/2018,425899
01/05/2018,432340
01/06/2018,430008
01/07/2018,432070
01/08/2018,432031
01/09/2018,431438
01/10/2018,435894
01/11/2018,438612
01/12/2018,428932
01/01/2019,430246
01/02/2019,431194
01/03/2019,438196
01/04/2019,437735
01/05/2019,442514
01/06/2019,442116
01/07/2019,445304
01/08/2019,448519
01/09/2019,444555
01/10/2019,445627
01/11/2019,449040
01/12/2019,449643
01/01/2020,447774
01/02/2020,447972
01/03/2020,420954
01/04/2020,370296
01/05/2020,437957
01/06/2020,465800
01/07/2020,471873
01/08/2020,473696
01/09/2020,482702
01/10/2020,480763
01/11/2020,478079
01/12/2020,485949
01/01/2021,501604
01/02/2021,488805
01/03/2021,539607
01/04/2021,542199
01/05/2021,536589
01/06/2021,540152
01/07/2021,528600
01/08/2021,532477
01/09/2021,536651
01/10/2021,545361
01/11/2021,551082
01/12/2021,547277
01/01/2022,560257
01/02/2022,563777
01/03/2022,574485
01/04/2022,580943
01/05/2022,579844
01/06/2022,585556
01/07/2022,579267
01/08/2022,581196
01/09/2022,579446
01/10/2022,585006
01/11/2022,576356
01/12/2022,569119
01/01/2023,591964
01/02/2023,586165
01/03/2023,578812
01/04/2023,583874
01/05/2023,586286
01/06/2023,588670
01/07/2023,589257
01/08/2023,595191
01/09/2023,598956
01/10/2023,595517
01/11/2023,593567
01/12/2023,594256
01/01/2024,588944
01/02/2024,593206
01/03/2024,595969
01/04/2024,595676
01/05/2024,600372
01/06/2024,599979
01/07/2024,605797
01/08/2024,604173
01/09/2024,608701
01/10/2024,612570
01/11/2024,616833
01/12/2024,622396
01/01/2025,615973
01/02/2025,616714
01/03/2025,625121
01/04/2025,623521
01/05/2025,618037
01/06/2025,623882
01/07/2025,627979
